nickname,person
Sloppy Steve,Steve Bannon
AOCof Tennessee,Aftyn Behn
Crooked Joe,Joe Biden
Joe Hiden,Joe Biden
Sleepy Joe,Joe Biden
Slow Joe,Joe Biden
Biden,Joe Biden
Crooked Joe Biden ,Joe Biden
Autopen,Joe Biden
Mini Mike,Michael Bloomberg
Da NangDick,Richard Blumenthal
Fat Alvin,Alvin Bragg
"Gov. Jerry ""Moonbeam"" Brown",Jerry Brown
My Bush,George P. Bush
Low Energy Jeb,Jeb Bush
Alfred E. Neuman,Pete Buttigieg
Coco Chow,Elaine Chao
Low IQWar Hawk,Liz Cheney
Sloppy Chris Christie,Chris Christie
Hillary,Hillary Clinton
Crazy Hillary,Hillary Clinton
Crooked Hillary,Hillary Clinton
Beautiful Hillary,Hillary Clinton
Leakin' James Comey,James Comey
Lyin' James Comey,James Comey
Shadey James Comey,James Comey
Slimeball James Comey,James Comey
Slippery James Comey,James Comey
Liddle' Bob Corker,Bob Corker
Lyin' Ted(retired),Ted Cruz
Rob,Ron DeSantis
Ron DeSanctimonious(retired),Ron DeSantis
Ron DeSanctus,Ron DeSantis
Meatball Ron(denied by Trump),Ron DeSantis
Tiny D,Ron DeSantis
Ditzy DeVos,Betsy DeVos
Sneaky Dianne,Dianne Feinstein
Jeff Flakey,Jeff Flake
AlFrankenstein,Al Franken
Birdbrain,Nikki Haley
Comrade Kamala,Kamala Harris
Crazy Kamala,Kamala Harris
Jamala(K!),Kamala Harris
Laffin' Kamala,Kamala Harris
Lyin' Kamala Harris,Kamala Harris
Kamabla,Kamala Harris
Aida Hutchinson,Asa Hutchinson
Peekaboo,Letitia James
Big Jim,Jim Justice
1 for 38,John Kasich
1 for 44,John Kasich
Junior,Robert F. Kennedy Jr.
My Little Communist,Zohran Mamdani
Liddle' Communist,Zohran Mamdani
Mamdani the Commie,Zohran Mamdani
Rand PaulJr.,Thomas Massie
Mad Dog,James Mattis
My Kevin,Kevin McCarthy
Broken Old Crow,Mitch McConnell
Cocaine Mitch,Mitch McConnell
EvanMcMuffin,Evan McMullin
Weird Stephen,Stephen Miller
Fat Jerry,Jerry Nadler
Wacky Omarosa,Omarosa Manigault Newman
My Peter,Peter Navarro
Governor Newscum,Gavin Newsom
Slimy Newscum,Gavin Newsom
Obama,Barack Obama
Obamna,Barack Obama
Evita,Alexandria Ocasio-Cortez
The Mouse,Alexandria Ocasio-Cortez
Stupid AOC,Alexandria Ocasio-Cortez
Big Fat Slob,JB Pritzker
Crazy Nancy,Nancy Pelosi
Nervous Nancy,Nancy Pelosi
Liddle Mike Pence,Mike Pence
My Mike,Mike Pompeo
Mr. Too Late,Jerome Powell
Jerome Too Late Powell,Jerome Powell
Wacky Jacky,Jacky Rosen
Mr. Peepers(denied by Trump),Rod Rosenstein
Little Marco,Marco Rubio
Crazy Bernie,Bernie Sanders
Little Ben Sasse,Ben Sasse
Liddle' Adam Schiff,Adam Schiff
Adam Schitt,Adam Schiff
Pencil Neck,Adam Schiff
Shifty Schiff,Adam Schiff
Watermelon Head,Adam Schiff
Cryin' Chuck,Chuck Schumer
Fake Tears Chuck Schumer,Chuck Schumer
Our GreatPalestinianSenator,Chuck Schumer
Mr. Magoo(denied by Trump),Jeff Sessions
Deranged Jack Smith,Jack Smith
Weirdo Tom Steyer,Tom Steyer
Big Luther,Luther Strange
Marjorie Taylor Brown,Marjorie Taylor Greene
Marjorie Traitor Green,Marjorie Taylor Greene
Marjorie Traitor Brown,Marjorie Taylor Greene
Tampon Tim,Tim Walz
The Seriously Retarded Governor of Minnesota,Tim Walz
Goofy Elizabeth Warren,Elizabeth Warren
Pocahontas,Elizabeth Warren
Low-IQ Maxine Waters,Maxine Waters
Half Whitmer,Gretchen Whitmer
That Woman from Michigan,Gretchen Whitmer
Ice Maiden,Susie Wiles
Animal Assad,Bashar al-Assad
President B,Nayib Bukele
Mr. Japan,Shigeru Ishiba
Rocket Man,Kim Jong Un
Little Rocket Man,Kim Jong Un
Juan Trump,Andrés Manuel López Obrador
Governor Trudeau,Justin Trudeau
Governor Carney,Mark Carney
My Favourite Field Marshal,Asim Munir
My Favorite Dictator,Abdel Fattah el-Sisi
Liddle' Peter Baker,Peter Baker
Crazy Mika Brzezinski,Mika Brzezinski
Dumb as a Rock Mika,Mika Brzezinski
Low I.Q. Crazy Mika,Mika Brzezinski
Kooky Tucker Carlson,Tucker Carlson
Dopey Graydon Carter,Graydon Carter
Allison Cooper,Anderson Cooper
Fredo,Chris Cuomo
Maggot Hagerman,Maggie Haberman
Crazy Megyn,Megyn Kelly
Marble Mouth Meyers,Seth Meyers
Washed Up Psycho Bette Midler,Bette Midler
Sloppy Michael Moore,Michael Moore
Morning Psycho,Joe Scarborough
Psycho Joe,Joe Scarborough
Lil' George,George Stephanopoulos
George Slopadopolus,George Stephanopoulos
Fake Tapper,Jake Tapper
Sleepy Eyes,Chuck Todd
Little Katy,Katy Tur
Lyin' Brian,Brian Williams
Little Jeff Zucker,Jeff Zucker
13 Angry Democrats,
17 Angry Democrats,
AOC Plus 3,"Alexandria Ocasio-Cortez
Ilhan Omar
Ayanna Pressley
Rashida Tlaib"
Biden crime family,Joe Biden
No Talent,
Untalented Late Night Sweepstakes,
Zero Talent,
Jeff Bozo,Jeff Bezos
Tim Apple,Tim Cook
Horseface,Stormy Daniels
Bob,Kid Rock
Little Mac Miller,Mac Miller
Little Pimp,Lil Pump
Dopey Sugar,Lord Sugar
Americans for No Prosperity,
Globalist's Club for NO Growth,
Clinton News Network,
Fake News CNN,
Low ratings CNN,
Democrat Party,Democratic Party
Radical Left Democrats,Democratic Party
Lincoln Pervert Project,The Lincoln Project
Failing Forbes Magazine,Forbes
MSDNC,MSNBC
FailingNew York Times,The New York Times
AmazonWashington Post,The Washington Post
The Washington ComPost,The Washington Post
Unselect Committee,"	United States House Select Committee on the January 6 Attack"
Concast,Comcast
ABC Fake News,ABC News
Deface the Nation,Face the Nation
Meet the Fake Press,Meet the Press
Meet the Depressed,Meet the Press
Trump,Donald Trump
A very stable genius,Donald Trump
Green New Scam,Green New Deal
The N-Word,nuclear weapons
Kung Flu,SARS-CoV-2
Chinese Virus,SARS-CoV-2
China virus,SARS-CoV-2
ObamaCare,Medicare
Rivlin,Reuven Rivlin
